Country,count
USA,3441
Germany,1339
India,1316
UK,1053
Ukraine,931
Canada,661
France,598
Brazil,587
Poland,494
Netherlands,480
Italy,452
Australia,444
Spain,409
Sweden,298
Austria,288
Switzerland,283
Czech Republic,217
Turkey,213
Belgium,184
Israel,174
Denmark,170
Mexico,169
Norway,167
Romania,166
Pakistan,151
Bangladesh,143
Indonesia,136
Portugal,136
New Zealand,132
Greece,127
Russia,126
Argentina,126
Hungary,120
South Africa,119
Bulgaria,109
Finland,104
China,100
Nigeria,97
Serbia,96
Japan,96
Iran,90
Ireland,87
Taiwan,86
Colombia,86
Sri Lanka,83
Slovakia,78
Vietnam,76
Egypt,75
Kenya,74
Philippines,72
Singapore,65
Lithuania,64
Malaysia,62
South Korea,60
Thailand,59
Croatia,53
Hong Kong,52
Chile,49
Nepal,47
UAE,47
Uruguay,45
Latvia,44
Slovenia,38
Estonia,38
Peru,30
Morocco,27
Georgia,26
Costa Rica,25
Venezuela,24
Bosnia,24
Ghana,24
Kazakhstan,23
Algeria,23
Belarus,22
Tunisia,21
Paraguay,21
Saudi Arabia,21
Uzbekistan,19
Ecuador,19
Dominican Republic,18
Cyprus,18
Luxembourg,18
Guatemala,16
Ethiopia,16
Macedonia,16
Tanzania,15
Uganda,15
Jordan,15
Iceland,14
Afghanistan,13
Lebanon,13
Azerbaijan,13
Bolivia,12
Zimbabwe,12
Iraq,12
Armenia,11
Republic of Moldova,11
Rwanda,10
Albania,10
Montenegro,9
Cuba,9
Syria,9
Palestine,8
Kosovo,8
Cambodia,8
Malta,8
Nicaragua,8
Myanmar,7
Mongolia,7
Isle of Man,7
Ivory Coast,7
Cameroon,7
Kyrgyzstan,7
El Salvador,7
Nomadic,6
Panama,6
Angola,5
Zambia,5
Honduras,5
Jamaica,4
Malawi,4
Maldives,4
Oman,4
Togo,4
Mauritius,4
Turkmenistan,4
Benin,4
Somalia,4
Bahrain,3
Andorra,3
Madagascar,3
Suriname,3
Sudan,3
Congo,3
Qatar,3
Trinidad,3
Burundi,2
Monaco,2
Mauritania,2
Senegal,2
Burkina Faso,2
DRC,2
Bhutan,2
Mozambique,2
Yemen,2
Niger,1
Fiji,1
Samoa,1
Central African Republic,1
Cape Verde,1
Kuwait,1
Tajikistan,1
Brunei,1
Belize,1
Antigua,1
Barbados,1
Namibia,1
Mali,1
Guyana,1
Sierra Leone,1
